{
    "modelo": "EfficientNetB0",
    "classes": [
        "nao_aurifero",
        "potencial_aurifero"
    ],
    "accuracy": 0.8989,
    "precision": 0.8421,
    "recall": 1.0,
    "f1_score": 0.9143,
    "matriz_confusao": [
        [
            32,
            9
        ],
        [
            0,
            48
        ]
    ],
    "relatorio": "                    precision    recall  f1-score   support\n\n      nao_aurifero       1.00      0.78      0.88        41\npotencial_aurifero       0.84      1.00      0.91        48\n\n          accuracy                           0.90        89\n         macro avg       0.92      0.89      0.90        89\n      weighted avg       0.91      0.90      0.90        89\n",
    "historico": {
        "accuracy": [
            0.7986111044883728,
            0.9212962985038757,
            0.9652777910232544,
            0.9606481194496155,
            0.9699074029922485,
            0.9768518805503845,
            0.9814814925193787,
            0.9768518805503845,
            0.9745370149612427,
            0.9837962985038757
        ],
        "val_accuracy": [
            0.6041666865348816,
            0.7291666865348816,
            0.7604166865348816,
            0.78125,
            0.8541666865348816,
            0.8541666865348816,
            0.8854166865348816,
            0.875,
            0.8541666865348816,
            0.90625
        ],
        "loss": [
            0.5037837624549866,
            0.3475745618343353,
            0.2522931694984436,
            0.2103569060564041,
            0.18182039260864258,
            0.16143620014190674,
            0.13863505423069,
            0.13124820590019226,
            0.12143171578645706,
            0.10838151723146439
        ],
        "val_loss": [
            0.5859368443489075,
            0.4400827884674072,
            0.4127974510192871,
            0.3833436071872711,
            0.27432623505592346,
            0.3075927197933197,
            0.27202144265174866,
            0.25308263301849365,
            0.3061656951904297,
            0.2346324473619461
        ]
    }
}