{
    "classes": [
        "nao_aurifero",
        "potencial_aurifero"
    ],
    "accuracy": 0.9551,
    "precision": 0.9231,
    "recall": 1.0,
    "f1_score": 0.96,
    "matriz_confusao": [
        [
            37,
            4
        ],
        [
            0,
            48
        ]
    ],
    "relatorio": "                    precision    recall  f1-score   support\n\n      nao_aurifero       1.00      0.90      0.95        41\npotencial_aurifero       0.92      1.00      0.96        48\n\n          accuracy                           0.96        89\n         macro avg       0.96      0.95      0.95        89\n      weighted avg       0.96      0.96      0.95        89\n",
    "historico": {
        "accuracy": [
            0.6481481194496155,
            0.8865740895271301,
            0.9421296119689941,
            0.9490740895271301,
            0.9629629850387573,
            0.9675925970077515,
            0.9722222089767456,
            0.9699074029922485,
            0.9814814925193787,
            0.9814814925193787
        ],
        "val_accuracy": [
            0.7708333134651184,
            0.90625,
            0.90625,
            0.9270833134651184,
            0.9479166865348816,
            0.9375,
            0.9479166865348816,
            0.9270833134651184,
            0.90625,
            0.9479166865348816
        ],
        "loss": [
            0.6129764914512634,
            0.40943965315818787,
            0.30370938777923584,
            0.2523486912250519,
            0.2017357498407364,
            0.17065870761871338,
            0.1580418199300766,
            0.14794303476810455,
            0.12328901886940002,
            0.11623145639896393
        ],
        "val_loss": [
            0.48334774374961853,
            0.3534793555736542,
            0.30379965901374817,
            0.2818870544433594,
            0.22285163402557373,
            0.24037277698516846,
            0.22131769359111786,
            0.19571326673030853,
            0.2354840636253357,
            0.1896330863237381
        ]
    }
}