{
    "modelo": "MobileNetV2",
    "classes": [
        "nao_aurifero",
        "potencial_aurifero"
    ],
    "accuracy": 1.0,
    "precision": 1.0,
    "recall": 1.0,
    "f1_score": 1.0,
    "matriz_confusao": [
        [
            41,
            0
        ],
        [
            0,
            48
        ]
    ],
    "relatorio": "                    precision    recall  f1-score   support\n\n      nao_aurifero       1.00      1.00      1.00        41\npotencial_aurifero       1.00      1.00      1.00        48\n\n          accuracy                           1.00        89\n         macro avg       1.00      1.00      1.00        89\n      weighted avg       1.00      1.00      1.00        89\n",
    "historico": {
        "accuracy": [
            0.8287037014961243,
            0.9467592835426331,
            0.9791666865348816,
            0.9837962985038757,
            0.9930555820465088,
            0.9884259104728699,
            0.9884259104728699,
            0.9953703880310059,
            0.9953703880310059,
            0.9930555820465088
        ],
        "val_accuracy": [
            0.9791666865348816,
            0.9895833134651184,
            0.9895833134651184,
            1.0,
            1.0,
            0.9895833134651184,
            0.9895833134651184,
            1.0,
            0.9895833134651184,
            0.9895833134651184
        ],
        "loss": [
            0.4100569486618042,
            0.19420360028743744,
            0.1216508075594902,
            0.09445584565401077,
            0.06418454647064209,
            0.05930768698453903,
            0.052946966141462326,
            0.046857163310050964,
            0.038346678018569946,
            0.03580231964588165
        ],
        "val_loss": [
            0.17935870587825775,
            0.09822005778551102,
            0.07236865907907486,
            0.05540280044078827,
            0.035747967660427094,
            0.049435775727033615,
            0.035144612193107605,
            0.026694586500525475,
            0.035506438463926315,
            0.032900724560022354
        ]
    }
}