{
    "modelo": "EfficientNetB0",
    "classes": [
        "nao_aurifero",
        "potencial_aurifero"
    ],
    "accuracy": 0.9551,
    "precision": 0.9231,
    "recall": 1.0,
    "f1_score": 0.96,
    "matriz_confusao": [
        [
            37,
            4
        ],
        [
            0,
            48
        ]
    ],
    "relatorio": "                    precision    recall  f1-score   support\n\n      nao_aurifero       1.00      0.90      0.95        41\npotencial_aurifero       0.92      1.00      0.96        48\n\n          accuracy                           0.96        89\n         macro avg       0.96      0.95      0.95        89\n      weighted avg       0.96      0.96      0.95        89\n",
    "historico": {
        "accuracy": [
            0.8055555820465088,
            0.9212962985038757,
            0.9629629850387573,
            0.9791666865348816,
            0.9884259104728699,
            0.9768518805503845,
            0.9768518805503845,
            0.9837962985038757,
            0.9861111044883728,
            0.9884259104728699
        ],
        "val_accuracy": [
            0.8958333134651184,
            0.9479166865348816,
            0.9375,
            0.9479166865348816,
            0.9791666865348816,
            0.9479166865348816,
            0.9583333134651184,
            0.9270833134651184,
            0.9166666865348816,
            0.9479166865348816
        ],
        "loss": [
            0.4957504868507385,
            0.3280766010284424,
            0.2400563508272171,
            0.1967909187078476,
            0.15327584743499756,
            0.15379779040813446,
            0.1313370019197464,
            0.1137084886431694,
            0.10938587784767151,
            0.09029342234134674
        ],
        "val_loss": [
            0.4215015172958374,
            0.3117726743221283,
            0.2675229609012604,
            0.24074296653270721,
            0.18741215765476227,
            0.2098289281129837,
            0.19269181787967682,
            0.1765051633119583,
            0.20667700469493866,
            0.1726119965314865
        ]
    }
}