{
    "modelo": "MobileNetV2",
    "classes": [
        "nao_aurifero",
        "potencial_aurifero"
    ],
    "accuracy": 1.0,
    "precision": 1.0,
    "recall": 1.0,
    "f1_score": 1.0,
    "matriz_confusao": [
        [
            41,
            0
        ],
        [
            0,
            48
        ]
    ],
    "relatorio": "                    precision    recall  f1-score   support\n\n      nao_aurifero       1.00      1.00      1.00        41\npotencial_aurifero       1.00      1.00      1.00        48\n\n          accuracy                           1.00        89\n         macro avg       1.00      1.00      1.00        89\n      weighted avg       1.00      1.00      1.00        89\n",
    "historico": {
        "accuracy": [
            0.6018518805503845,
            0.8958333134651184,
            0.9884259104728699,
            0.9768518805503845,
            0.9814814925193787,
            0.9884259104728699,
            0.9930555820465088,
            0.9907407164573669,
            0.9861111044883728,
            0.9930555820465088
        ],
        "val_accuracy": [
            0.65625,
            0.9479166865348816,
            0.9791666865348816,
            1.0,
            1.0,
            0.9895833134651184,
            0.9895833134651184,
            1.0,
            0.9895833134651184,
            0.9895833134651184
        ],
        "loss": [
            0.7074055075645447,
            0.30098891258239746,
            0.15877622365951538,
            0.1255129724740982,
            0.09069044142961502,
            0.07265328615903854,
            0.06447317451238632,
            0.05997972935438156,
            0.05701158940792084,
            0.05051368102431297
        ],
        "val_loss": [
            0.4837944805622101,
            0.23283971846103668,
            0.17040584981441498,
            0.12140236049890518,
            0.07926870882511139,
            0.08541639894247055,
            0.08293735235929489,
            0.05797199532389641,
            0.06496995687484741,
            0.06324225664138794
        ]
    }
}