{
    "modelo": "MobileNetV2",
    "classes": [
        "nao_aurifero",
        "potencial_aurifero"
    ],
    "accuracy": 1.0,
    "precision": 1.0,
    "recall": 1.0,
    "f1_score": 1.0,
    "matriz_confusao": [
        [
            41,
            0
        ],
        [
            0,
            48
        ]
    ],
    "relatorio": "                    precision    recall  f1-score   support\n\n      nao_aurifero       1.00      1.00      1.00        41\npotencial_aurifero       1.00      1.00      1.00        48\n\n          accuracy                           1.00        89\n         macro avg       1.00      1.00      1.00        89\n      weighted avg       1.00      1.00      1.00        89\n",
    "historico": {
        "accuracy": [
            0.8333333134651184,
            0.9583333134651184,
            0.9814814925193787,
            0.9907407164573669,
            0.9953703880310059,
            0.9930555820465088,
            0.9861111044883728,
            0.9930555820465088,
            0.9953703880310059,
            0.9976851940155029
        ],
        "val_accuracy": [
            0.9895833134651184,
            0.9791666865348816,
            0.9895833134651184,
            1.0,
            1.0,
            0.9895833134651184,
            0.9895833134651184,
            1.0,
            0.9895833134651184,
            0.9895833134651184
        ],
        "loss": [
            0.3910163640975952,
            0.18592053651809692,
            0.11664362996816635,
            0.08357085287570953,
            0.06270290166139603,
            0.05260079726576805,
            0.05264529585838318,
            0.04512573033571243,
            0.037617430090904236,
            0.03389112278819084
        ],
        "val_loss": [
            0.21726273000240326,
            0.12409313768148422,
            0.08841654658317566,
            0.06021289527416229,
            0.043257683515548706,
            0.06529363244771957,
            0.049215465784072876,
            0.03037959150969982,
            0.04960072040557861,
            0.03864768147468567
        ]
    }
}