{
    "modelo": "MobileNetV2",
    "classes": [
        "nao_aurifero",
        "potencial_aurifero"
    ],
    "accuracy": 1.0,
    "precision": 1.0,
    "recall": 1.0,
    "f1_score": 1.0,
    "matriz_confusao": [
        [
            41,
            0
        ],
        [
            0,
            48
        ]
    ],
    "relatorio": "                    precision    recall  f1-score   support\n\n      nao_aurifero       1.00      1.00      1.00        41\npotencial_aurifero       1.00      1.00      1.00        48\n\n          accuracy                           1.00        89\n         macro avg       1.00      1.00      1.00        89\n      weighted avg       1.00      1.00      1.00        89\n",
    "historico": {
        "accuracy": [
            0.7847222089767456,
            0.9560185074806213,
            0.9814814925193787,
            0.9814814925193787,
            0.9930555820465088,
            0.9953703880310059,
            0.9976851940155029,
            0.9930555820465088,
            0.9884259104728699,
            0.9930555820465088
        ],
        "val_accuracy": [
            1.0,
            1.0,
            1.0,
            1.0,
            1.0,
            0.9895833134651184,
            0.9895833134651184,
            1.0,
            0.9895833134651184,
            0.9895833134651184
        ],
        "loss": [
            0.44393888115882874,
            0.20504209399223328,
            0.13208453357219696,
            0.09694494307041168,
            0.06989019364118576,
            0.05871545523405075,
            0.04871748015284538,
            0.0472099632024765,
            0.03982061520218849,
            0.04477068409323692
        ],
        "val_loss": [
            0.17121702432632446,
            0.09306956082582474,
            0.06531170010566711,
            0.04871910810470581,
            0.03315507248044014,
            0.04439176246523857,
            0.03414708003401756,
            0.026053406298160553,
            0.03459411486983299,
            0.02674003504216671
        ]
    }
}