{
    "modelo": "EfficientNetB0",
    "classes": [
        "nao_aurifero",
        "potencial_aurifero"
    ],
    "accuracy": 0.9326,
    "precision": 0.8889,
    "recall": 1.0,
    "f1_score": 0.9412,
    "matriz_confusao": [
        [
            35,
            6
        ],
        [
            0,
            48
        ]
    ],
    "relatorio": "                    precision    recall  f1-score   support\n\n      nao_aurifero       1.00      0.85      0.92        41\npotencial_aurifero       0.89      1.00      0.94        48\n\n          accuracy                           0.93        89\n         macro avg       0.94      0.93      0.93        89\n      weighted avg       0.94      0.93      0.93        89\n",
    "historico": {
        "accuracy": [
            0.7708333134651184,
            0.9259259104728699,
            0.9560185074806213,
            0.9652777910232544,
            0.9699074029922485,
            0.9745370149612427,
            0.9791666865348816,
            0.9722222089767456,
            0.9745370149612427,
            0.9814814925193787
        ],
        "val_accuracy": [
            0.65625,
            0.8541666865348816,
            0.84375,
            0.875,
            0.9479166865348816,
            0.9166666865348816,
            0.9479166865348816,
            0.9166666865348816,
            0.90625,
            0.9375
        ],
        "loss": [
            0.5373935103416443,
            0.3586723506450653,
            0.26900628209114075,
            0.22143970429897308,
            0.18832352757453918,
            0.16469265520572662,
            0.14416824281215668,
            0.12858463823795319,
            0.10622672736644745,
            0.10945290327072144
        ],
        "val_loss": [
            0.4960595369338989,
            0.3533492088317871,
            0.3313998281955719,
            0.3132433593273163,
            0.23349352180957794,
            0.25953003764152527,
            0.23343525826931,
            0.21309645473957062,
            0.26392996311187744,
            0.21456097066402435
        ]
    }
}