{
    "modelo": "EfficientNetB0",
    "classes": [
        "nao_aurifero",
        "potencial_aurifero"
    ],
    "accuracy": 0.8764,
    "precision": 0.8136,
    "recall": 1.0,
    "f1_score": 0.8972,
    "matriz_confusao": [
        [
            30,
            11
        ],
        [
            0,
            48
        ]
    ],
    "relatorio": "                    precision    recall  f1-score   support\n\n      nao_aurifero       1.00      0.73      0.85        41\npotencial_aurifero       0.81      1.00      0.90        48\n\n          accuracy                           0.88        89\n         macro avg       0.91      0.87      0.87        89\n      weighted avg       0.90      0.88      0.87        89\n",
    "historico": {
        "accuracy": [
            0.7569444179534912,
            0.8912037014961243,
            0.9375,
            0.9398148059844971,
            0.9583333134651184,
            0.9583333134651184,
            0.9675925970077515,
            0.9722222089767456,
            0.9745370149612427,
            0.9722222089767456
        ],
        "val_accuracy": [
            0.5416666865348816,
            0.6770833134651184,
            0.71875,
            0.6979166865348816,
            0.8333333134651184,
            0.8229166865348816,
            0.8229166865348816,
            0.8333333134651184,
            0.8125,
            0.875
        ],
        "loss": [
            0.5397434830665588,
            0.3726086914539337,
            0.28010138869285583,
            0.2308572381734848,
            0.19835752248764038,
            0.17328566312789917,
            0.14867858588695526,
            0.1358584761619568,
            0.12476024776697159,
            0.10955997556447983
        ],
        "val_loss": [
            0.6404374837875366,
            0.4594074487686157,
            0.43238604068756104,
            0.415981650352478,
            0.30628347396850586,
            0.34355345368385315,
            0.31815028190612793,
            0.29391947388648987,
            0.33080390095710754,
            0.259653240442276
        ]
    }
}